{"cameraMode":{"drawMode":0,"name":"Shaded","section":"Shading Mode"},"sceneLighting":true,"audioPlay":false,"sceneViewState":{"showFog":true,"showMaterialUpdate":false,"showSkybox":true,"showFlares":true,"showImageEffects":true,"showParticleSystems":true,"showVisualEffectGraphs":true,"m_FxEnabled":true},"in2DMode":false,"pivot":{"x":-5.507253646850586,"y":-0.015444517135620118,"z":-6.1254658699035648},"rotation":{"x":0.01914614625275135,"y":-0.8704690933227539,"z":0.03396551311016083,"w":0.4906782805919647},"size":10.701118469238282,"orthographic":false}